{
  "$id": "https://ns.adobe.com/acme/schemas/86db2943-5893-47cb-97dd-783b000b599d",
  "title": "Loyalty Purchase Event",
  "description": "Generated by Publicis Sapient CJA Kit",
  "type": "object",
  "meta:extends": [
    "https://ns.adobe.com/xdm/context/experienceevent"
  ],
  "allOf": [
    {
      "$ref": "https://ns.adobe.com/xdm/context/experienceevent"
    }
  ],
  "properties": {
    "_id": {
      "type": "string"
    },
    "_acme": {
      "type": "object",
      "properties": {
        "orderId": {
          "title": "orderId",
          "type": "string",
          "meta:xdmType": "string"
        },
        "revenue": {
          "title": "revenue",
          "type": "number",
          "meta:xdmType": "number"
        }
      },
      "meta:xdmType": "object"
    },
    "identityMap": {
      "type": "object",
      "meta:xdmType": "map"
    },
    "timestamp": {
      "type": "string",
      "format": "date-time",
      "meta:xdmType": "date-time"
    },
    "eventType": {
      "type": "string"
    }
  }
}